ISO3,DataId,Indicator,Value,Precision,DHS_CountryCode,CountryName,SurveyYear,SurveyId,IndicatorId,IndicatorOrder,IndicatorType,CharacteristicId,CharacteristicOrder,CharacteristicCategory,CharacteristicLabel,ByVariableId,ByVariableLabel,IsTotal,IsPreferred,SDRID,RegionId,SurveyYearLabel,SurveyType,DenominatorWeighted,DenominatorUnweighted,CILow,CIHigh,LevelRank
VNM,210721,Number of households,7001,0,VN,Vietnam,1997,VN1997DHS,HC_ORPH_H_NUM,260861050,D,1000,0,Total,Total,0,,1,1,HCORPHHNUM,,1997,DHS,,7001,,,
VNM,210718,Number of households (unweighted),7001,0,VN,Vietnam,1997,VN1997DHS,HC_ORPH_H_UNW,260861060,U,1000,0,Total,Total,0,,1,1,HCORPHHUNW,,1997,DHS,7001,,,,
VNM,211062,Number of households,7048,0,VN,Vietnam,2002,VN2002DHS,HC_ORPH_H_NUM,260861050,D,1000,0,Total,Total,0,,1,1,HCORPHHNUM,,2002,DHS,,7048,,,
VNM,466477,Number of households (unweighted),7048,0,VN,Vietnam,2002,VN2002DHS,HC_ORPH_H_UNW,260861060,U,1000,0,Total,Total,0,,1,1,HCORPHHUNW,,2002,DHS,7048,,,,
VNM,532166,Households with children not living with a biological parent,4.4,1,VN,Vietnam,2005,VN2005AIS,HC_ORPH_H_FOS,260861010,I,1000,0,Total,Total,0,,1,1,HCORPHHFOS,,2005,AIS,6337,6337,,,
VNM,532165,Households with double orphans,0.2,1,VN,Vietnam,2005,VN2005AIS,HC_ORPH_H_DBL,260861020,I,1000,0,Total,Total,0,,1,1,HCORPHHDBL,,2005,AIS,6337,6337,,,
VNM,532153,Households with single orphans,3.7,1,VN,Vietnam,2005,VN2005AIS,HC_ORPH_H_SNG,260861030,I,1000,0,Total,Total,0,,1,1,HCORPHHSNG,,2005,AIS,6337,6337,,,
VNM,532154,Households with orphans and/or children not living with a biological parent,7.6,1,VN,Vietnam,2005,VN2005AIS,HC_ORPH_H_FOR,260861040,I,1000,0,Total,Total,0,,1,1,HCORPHHFOR,,2005,AIS,6337,6337,,,
VNM,211279,Number of households,6337,0,VN,Vietnam,2005,VN2005AIS,HC_ORPH_H_NUM,260861050,D,1000,0,Total,Total,0,,1,1,HCORPHHNUM,,2005,AIS,,6337,,,
VNM,532155,Number of households (unweighted),6337,0,VN,Vietnam,2005,VN2005AIS,HC_ORPH_H_UNW,260861060,U,1000,0,Total,Total,0,,1,1,HCORPHHUNW,,2005,AIS,6337,,,,
VNM,211291,Children living with both parents,84.3,1,VN,Vietnam,2005,VN2005AIS,HC_LVAR_C_BTH,260936010,I,27001,14001,Total for children < 18,Total for children < 18,0,,1,1,HCLVARCBTH,,2005,AIS,9408,9033,,,
VNM,211292,"Children living with mother, father alive",6.7,1,VN,Vietnam,2005,VN2005AIS,HC_LVAR_C_MFA,260936020,I,27001,14001,Total for children < 18,Total for children < 18,0,,1,1,HCLVARCMFA,,2005,AIS,9408,9033,,,
VNM,211293,"Children living with mother, father dead",2.9,1,VN,Vietnam,2005,VN2005AIS,HC_LVAR_C_MFD,260936030,I,27001,14001,Total for children < 18,Total for children < 18,0,,1,1,HCLVARCMFD,,2005,AIS,9408,9033,,,
VNM,211304,"Children living with father, mother alive",1.3,1,VN,Vietnam,2005,VN2005AIS,HC_LVAR_C_FMA,260936040,I,27001,14001,Total for children < 18,Total for children < 18,0,,1,1,HCLVARCFMA,,2005,AIS,9408,9033,,,
VNM,211284,"Children living with father, mother dead",0.8,1,VN,Vietnam,2005,VN2005AIS,HC_LVAR_C_FMD,260936050,I,27001,14001,Total for children < 18,Total for children < 18,0,,1,1,HCLVARCFMD,,2005,AIS,9408,9033,,,
VNM,211305,"Children living with neither parent, both alive",3.3,1,VN,Vietnam,2005,VN2005AIS,HC_LVAR_C_NBA,260936060,I,27001,14001,Total for children < 18,Total for children < 18,0,,1,1,HCLVARCNBA,,2005,AIS,9408,9033,,,
VNM,211288,"Children living with neither parent, mother alive",0.3,1,VN,Vietnam,2005,VN2005AIS,HC_LVAR_C_NMA,260936070,I,27001,14001,Total for children < 18,Total for children < 18,0,,1,1,HCLVARCNMA,,2005,AIS,9408,9033,,,
VNM,211282,"Children living with neither parent, father alive",0.1,1,VN,Vietnam,2005,VN2005AIS,HC_LVAR_C_NFA,260936080,I,27001,14001,Total for children < 18,Total for children < 18,0,,1,1,HCLVARCNFA,,2005,AIS,9408,9033,,,
VNM,211283,"Children living with neither parent, both dead",0.2,1,VN,Vietnam,2005,VN2005AIS,HC_LVAR_C_NBD,260936090,I,27001,14001,Total for children < 18,Total for children < 18,0,,1,1,HCLVARCNBD,,2005,AIS,9408,9033,,,
VNM,211285,Children with missing information on whether father/mother alive,0.1,1,VN,Vietnam,2005,VN2005AIS,HC_LVAR_C_NMS,260936100,I,27001,14001,Total for children < 18,Total for children < 18,0,,1,1,HCLVARCNMS,,2005,AIS,9408,9033,,,
VNM,211286,Children: Total,100,1,VN,Vietnam,2005,VN2005AIS,HC_LVAR_C_TOT,260936110,T,27001,14001,Total for children < 18,Total for children < 18,0,,1,1,HCLVARCTOT,,2005,AIS,9408,9033,,,
VNM,211289,Children not living with a biological parent,3.9,1,VN,Vietnam,2005,VN2005AIS,HC_LVAR_C_NBP,260936120,I,27001,14001,Total for children < 18,Total for children < 18,0,,1,1,HCLVARCNBP,,2005,AIS,9408,9033,,,
VNM,211306,"Prevalence of orphanhood: children under 18 who are orphans - mother, father or both dead",4.2,1,VN,Vietnam,2005,VN2005AIS,HC_LVAR_C_P1D,260936130,I,27001,14001,Total for children < 18,Total for children < 18,0,,1,1,HCLVARCP1D,,2005,AIS,9408,9033,,,
VNM,211290,Number of children,9408,0,VN,Vietnam,2005,VN2005AIS,HC_LVAR_C_NUM,260936140,D,27001,14001,Total for children < 18,Total for children < 18,0,,1,1,HCLVARCNUM,,2005,AIS,,9033,,,
VNM,211309,Number of children (unweighted),9033,0,VN,Vietnam,2005,VN2005AIS,HC_LVAR_C_UNW,260936150,U,27001,14001,Total for children < 18,Total for children < 18,0,,1,1,HCLVARCUNW,,2005,AIS,9408,,,,
